{
    "plddts": {
        "model_1_pred_0": 90.64267401139782,
        "model_2_pred_0": 90.92772221453002,
        "model_3_pred_0": 91.08646537114134,
        "model_4_pred_0": 90.86762832770604,
        "model_5_pred_0": 91.36593641572678
    },
    "order": [
        "model_5_pred_0",
        "model_3_pred_0",
        "model_2_pred_0",
        "model_4_pred_0",
        "model_1_pred_0"
    ]
}