{
    "features": 14400.980719089508,
    "process_features_model_1_pred_0": 12.697757005691528,
    "predict_and_compile_model_1_pred_0": 279.38226079940796,
    "process_features_model_2_pred_0": 2.6301658153533936,
    "predict_and_compile_model_2_pred_0": 233.1376769542694,
    "process_features_model_3_pred_0": 2.162661075592041,
    "predict_and_compile_model_3_pred_0": 213.29562664031982,
    "process_features_model_4_pred_0": 2.8448071479797363,
    "predict_and_compile_model_4_pred_0": 206.80574774742126,
    "process_features_model_5_pred_0": 2.11531138420105,
    "predict_and_compile_model_5_pred_0": 194.65835428237915,
    "relax_model_5_pred_0": 29.154317140579224
}