{
    "plddts": {
        "model_1_pred_0": 91.8619005726169,
        "model_2_pred_0": 91.62172765290838,
        "model_3_pred_0": 92.13444466058279,
        "model_4_pred_0": 92.03927606445495,
        "model_5_pred_0": 92.16362784193177
    },
    "order": [
        "model_5_pred_0",
        "model_3_pred_0",
        "model_4_pred_0",
        "model_1_pred_0",
        "model_2_pred_0"
    ]
}