{
    "features": 14574.399391889572,
    "process_features_model_1_pred_0": 5.282431602478027,
    "predict_and_compile_model_1_pred_0": 252.5844132900238,
    "process_features_model_2_pred_0": 2.702038049697876,
    "predict_and_compile_model_2_pred_0": 226.31179094314575,
    "process_features_model_3_pred_0": 2.215531587600708,
    "predict_and_compile_model_3_pred_0": 204.9724941253662,
    "process_features_model_4_pred_0": 2.7098019123077393,
    "predict_and_compile_model_4_pred_0": 199.6379783153534,
    "process_features_model_5_pred_0": 2.1315948963165283,
    "predict_and_compile_model_5_pred_0": 188.70034003257751,
    "relax_model_5_pred_0": 23.507052421569824
}