{
    "plddts": {
        "model_1_pred_0": 91.837048562794,
        "model_2_pred_0": 91.54212007507955,
        "model_3_pred_0": 92.06424217557777,
        "model_4_pred_0": 92.09749107761807,
        "model_5_pred_0": 91.48706042678852
    },
    "order": [
        "model_4_pred_0",
        "model_3_pred_0",
        "model_1_pred_0",
        "model_2_pred_0",
        "model_5_pred_0"
    ]
}