{
    "features": 15868.705617904663,
    "process_features_model_1_pred_0": 9.3184175491333,
    "predict_and_compile_model_1_pred_0": 275.86778473854065,
    "process_features_model_2_pred_0": 2.6947665214538574,
    "predict_and_compile_model_2_pred_0": 234.7521321773529,
    "process_features_model_3_pred_0": 2.259275197982788,
    "predict_and_compile_model_3_pred_0": 213.5765826702118,
    "process_features_model_4_pred_0": 2.7159340381622314,
    "predict_and_compile_model_4_pred_0": 208.3825056552887,
    "process_features_model_5_pred_0": 2.1966140270233154,
    "predict_and_compile_model_5_pred_0": 197.68301248550415,
    "relax_model_4_pred_0": 23.357621431350708
}