	total_energy	enthalpy	vdw	elec	entropy	cluster_size	PDB_name	cluster_id
0	-18.753575032655238	-16.287357364222952	-258.18415625748554	-150.74499962772958	-2.4662176684322845	2	5	1
