	enthalpy	PDB_name
0	-8.512800009120404	5
1	-6.190613915251433	1
2	-5.752294608193726	2
3	-4.138510129583583	3
4	-2.428259268707574	4
