{
    "plddts": {
        "model_1_pred_0": 91.86501046777535,
        "model_2_pred_0": 91.53278894933804,
        "model_3_pred_0": 91.81207470532723,
        "model_4_pred_0": 92.15857559292509,
        "model_5_pred_0": 92.03590428268801
    },
    "order": [
        "model_4_pred_0",
        "model_5_pred_0",
        "model_1_pred_0",
        "model_3_pred_0",
        "model_2_pred_0"
    ]
}