{
    "features": 15873.065812826157,
    "process_features_model_1_pred_0": 5.022876024246216,
    "predict_and_compile_model_1_pred_0": 272.2050952911377,
    "process_features_model_2_pred_0": 2.6132538318634033,
    "predict_and_compile_model_2_pred_0": 233.06118297576904,
    "process_features_model_3_pred_0": 2.1932363510131836,
    "predict_and_compile_model_3_pred_0": 210.32503366470337,
    "process_features_model_4_pred_0": 2.7344908714294434,
    "predict_and_compile_model_4_pred_0": 204.58634424209595,
    "process_features_model_5_pred_0": 2.1206252574920654,
    "predict_and_compile_model_5_pred_0": 194.02852082252502,
    "relax_model_4_pred_0": 29.735263347625732
}